{
  "urls": [
    "audiosprite.mp3"
  ],
  "sprite": {
    "prepare": [
      0,
      840
    ],
    "go": [
      2000,
      648.0000000000001
    ],
    "rest": [
      4000,
      839.9999999999999
    ],
    "allfinished": [
      6000,
      1152.0000000000002
    ]
  }
}